,id,admiration,amusement,anger,annoyance,approval,caring,confusion,curiosity,desire,disappointment,disapproval,disgust,embarrassment,excitement,fear,gratitude,grief,joy,love,nervousness,optimism,pride,realization,relief,remorse,sadness,surprise,neutral
0,1,0.003634195,0.003983868,0.03700491,0.109861456,0.018065091,0.0059048017,0.0117327375,0.038705345,0.00347058,0.021214588,0.10215812,0.011505906,0.0043838243,0.0025133453,0.0018879892,0.0017382294,0.0009243423,0.0019284772,0.0016398334,0.0007794283,0.0062987674,0.0007986888,0.01048571,0.0010654746,0.0011578281,0.005440505,0.0029066477,0.58880925
1,2,0.0033174867,0.0028482056,0.01084346,0.04590322,0.032663856,0.015869837,0.014121439,0.038644604,0.0050244504,0.010767863,0.07036818,0.0028834757,0.002051967,0.0022887043,0.0018695671,0.00089838577,0.0007982031,0.0018140018,0.00226776,0.0010642114,0.007361036,0.00049767975,0.008932322,0.0013258568,0.00084254565,0.0039743986,0.0026306172,0.7081268
2,3,0.0044577573,0.0031510189,0.009365518,0.04514144,0.060610585,0.007995781,0.022998888,0.035318807,0.004580617,0.011402981,0.14014249,0.0031526347,0.0021210422,0.002414809,0.0011063475,0.0013770141,0.00084158493,0.0020112349,0.0024159746,0.0007369526,0.011881254,0.0006555039,0.014224826,0.00093086925,0.0009478509,0.0036211668,0.0042248718,0.6021702
3,4,0.0049171555,0.0029826541,0.025782414,0.0765209,0.034473382,0.011766081,0.013759715,0.035169397,0.0070718164,0.01728351,0.17007825,0.004396052,0.0028597666,0.0024578406,0.0013228401,0.0015021218,0.0010827159,0.002412792,0.0036586248,0.00089054863,0.009329182,0.0007948191,0.010465111,0.00129491,0.001121706,0.0055684648,0.0027160267,0.5483211
4,5,0.004278431,0.0036120494,0.0825877,0.15444507,0.019553367,0.011736638,0.00921016,0.03005776,0.005787972,0.043033626,0.14787208,0.020607643,0.0050189802,0.0025689725,0.0042476305,0.0014119982,0.0013907715,0.0021769647,0.002262813,0.0013628072,0.009331416,0.0010292417,0.012607355,0.001488663,0.0016082247,0.009396307,0.0025499312,0.40876544
5,6,0.0036054207,0.0024363191,0.012955691,0.06015381,0.028539287,0.007683815,0.018371144,0.042362142,0.005192061,0.014259825,0.12206237,0.0033989423,0.0027029763,0.0024965985,0.0012102134,0.0015355726,0.0009915158,0.0019732888,0.0022265227,0.0008355418,0.008821888,0.0006668439,0.011529944,0.0010361049,0.0010517419,0.005506935,0.0034721207,0.6329214
6,7,0.0028661396,0.0030560086,0.009636465,0.063662164,0.025154458,0.009507535,0.046510424,0.0445709,0.0042840396,0.04521026,0.10184168,0.0070495936,0.0054012253,0.0026081842,0.0053064562,0.0010099752,0.0015431598,0.0019433835,0.0024708847,0.0023109722,0.0073373243,0.0009816496,0.041429482,0.0016994583,0.0019067585,0.019455643,0.009754295,0.53149146
7,8,0.005748449,0.006363089,0.09343993,0.22817798,0.015227134,0.005566837,0.011020115,0.032120407,0.0044980464,0.029517248,0.14008904,0.02486062,0.009051013,0.0031257174,0.0022025048,0.0020478799,0.0011691643,0.0030561069,0.0025536518,0.000775437,0.007388204,0.0011832073,0.009531178,0.0011587511,0.0015434551,0.006078887,0.003818613,0.34868735
8,9,0.007497148,0.0031332115,0.009698501,0.04340787,0.049152825,0.062477216,0.010756671,0.03326495,0.004953129,0.019891834,0.058434587,0.004006626,0.0021180937,0.0025326423,0.0054092864,0.0011194601,0.0011368949,0.0019735652,0.0018716888,0.0019764565,0.01357317,0.0007800622,0.015360048,0.0023229322,0.0013295604,0.00604188,0.0021666414,0.6336131
9,10,0.0037794847,0.0038426549,0.035416137,0.15577793,0.017904421,0.007963799,0.014890371,0.037785314,0.004360856,0.029058127,0.17621444,0.015310293,0.007755092,0.0021369695,0.0021355546,0.0014559891,0.0011607504,0.0020486165,0.0019573143,0.00088781904,0.006568915,0.00092229433,0.009691794,0.0011949721,0.0018264591,0.008203861,0.0026695833,0.44708025
10,11,0.8370036,0.001854524,0.0024412575,0.010217076,0.024356844,0.0045177266,0.0040578856,0.0125669725,0.0020870313,0.0053875693,0.018566778,0.0020188326,0.002214628,0.0047728946,0.0010681401,0.0061793686,0.00046828153,0.002495117,0.0024613163,0.0003493848,0.0051652105,0.0016611714,0.004367437,0.00089590106,0.00086950883,0.0024113955,0.002225779,0.03731841
11,12,0.0093114935,0.0030452623,0.0063771713,0.038047995,0.061377972,0.039672118,0.017181309,0.03535082,0.0067958157,0.017670201,0.06490767,0.0031741606,0.0019436906,0.0034254235,0.0024982092,0.0022725228,0.0010315841,0.0029548379,0.0022202386,0.0011743645,0.026799373,0.0008435587,0.022057781,0.0023258217,0.001771575,0.008591699,0.0025449505,0.6146324
12,13,0.0079666395,0.002467525,0.016931709,0.061246578,0.05298701,0.033347208,0.011162067,0.026766935,0.011249155,0.019632041,0.14601949,0.004847533,0.0023877693,0.003073668,0.0023486149,0.0023300436,0.0013505619,0.002262908,0.0029215417,0.0012587239,0.022362132,0.0009486775,0.0128729055,0.0018229542,0.0018167202,0.006443714,0.0022173696,0.53895783
13,14,0.009687709,0.86023045,0.0023761217,0.01098903,0.0056519276,0.002076527,0.0066725346,0.01397724,0.0024049275,0.0027693363,0.006772366,0.0019177556,0.001989945,0.0032371217,0.0013650554,0.0022672159,0.0005383181,0.010297717,0.0023186551,0.00056347833,0.0042397743,0.0006983926,0.005451397,0.00096387696,0.00068527745,0.0025937632,0.0068808524,0.030383147
14,15,0.0036095178,0.0046965354,0.05543109,0.21293855,0.015033263,0.0083308825,0.013301403,0.04159661,0.004060133,0.035275325,0.122132346,0.013524104,0.007435929,0.002509925,0.0023693806,0.0017123492,0.001235713,0.0025371327,0.0017494159,0.0010655306,0.0066047395,0.0010978424,0.010335625,0.0014386866,0.001913145,0.010426569,0.003216895,0.41442138
15,16,0.0042923302,0.006269284,0.12510292,0.16750899,0.012055149,0.011621918,0.009743764,0.029233474,0.003754546,0.058028985,0.03713259,0.034440823,0.0067376615,0.0070847315,0.05322429,0.0018402408,0.0019320772,0.00393172,0.0017961217,0.0045849322,0.007253983,0.001311047,0.021182895,0.00299257,0.0016403131,0.018601144,0.010352522,0.35634896
16,17,0.011454992,0.00675476,0.002262214,0.011630103,0.020936405,0.0051638987,0.037902772,0.74463433,0.0075304904,0.0044472814,0.008639968,0.001725177,0.0036851615,0.020681234,0.0023402518,0.008093122,0.0015020932,0.0032337848,0.005459438,0.0018302458,0.014343137,0.0017108533,0.0072641713,0.0024405771,0.0015238958,0.002503614,0.011832688,0.048473474
17,18,0.004831363,0.003545572,0.03746479,0.1249506,0.06139452,0.035418298,0.01489951,0.028055187,0.008368265,0.037258707,0.23177454,0.01015931,0.0045674904,0.002424572,0.004217564,0.0013467404,0.0016811249,0.0028762398,0.003157778,0.0020718595,0.014599509,0.0010949235,0.013645256,0.0022850817,0.0023443662,0.010716843,0.0025622228,0.33228773
18,19,0.0024761187,0.0029388797,0.012773711,0.044611394,0.027752109,0.028800378,0.019144034,0.032944422,0.0050937426,0.023174638,0.03700934,0.004789694,0.0021530194,0.0034111324,0.01122884,0.0014407777,0.0013374706,0.0018213955,0.0014714547,0.0029218632,0.01577881,0.00071096886,0.026104767,0.0024279517,0.0013093452,0.006675674,0.0054145153,0.6742835
19,20,0.0034487299,0.0029940591,0.024887908,0.07523269,0.0299695,0.011932664,0.012537562,0.034440383,0.005789711,0.015481735,0.11315591,0.0043208012,0.0026863,0.0024710319,0.0019339304,0.001206091,0.0009804463,0.0017774962,0.0018668246,0.0010103403,0.009787876,0.00066414505,0.010788234,0.0012218184,0.001132511,0.005118313,0.0027575505,0.6204054
20,21,0.0028162391,0.0028108754,0.0051868763,0.02121134,0.019832924,0.0061780345,0.031326335,0.07379966,0.0042793197,0.01076118,0.029402908,0.0023303442,0.0023349659,0.0062519647,0.0025709611,0.0013711028,0.0009329505,0.0026967372,0.0020473301,0.001370321,0.006669815,0.00066253083,0.032173898,0.0014330591,0.0008185409,0.0043688226,0.017879473,0.7064816
21,22,0.0018823666,0.0039715697,0.011593392,0.034966953,0.016193796,0.007766848,0.021174217,0.047070853,0.0041016913,0.013058478,0.028122824,0.0037772933,0.001898551,0.0043942784,0.0062571215,0.0009632855,0.00085613417,0.0015135838,0.0013570337,0.0016997583,0.00803518,0.0004885776,0.019840188,0.0013082379,0.0006412225,0.0052951234,0.009301357,0.7424701
22,23,0.005403717,0.006104585,0.12221007,0.2230639,0.0147342,0.005620467,0.008440388,0.027967896,0.0037805638,0.036519747,0.092356026,0.025930455,0.007291501,0.0033480844,0.0026992818,0.0019633742,0.0011405686,0.0032377578,0.0022178735,0.0008925471,0.008121064,0.0012916217,0.010771069,0.0012319181,0.0013542341,0.006346856,0.0037557895,0.3722044
23,24,0.0036355804,0.0063874917,0.084641084,0.1854452,0.01649429,0.006300559,0.021071883,0.04480385,0.004616884,0.020984935,0.151399,0.014633929,0.0060097305,0.0032118387,0.0024536224,0.001935045,0.0012630497,0.002812377,0.0026860815,0.0009771216,0.007661023,0.0010098026,0.009574545,0.001322137,0.0014164884,0.004945023,0.004558155,0.3877492
24,25,0.004208239,0.00613312,0.34814137,0.1948664,0.0086281765,0.011941999,0.0072465744,0.02245325,0.0060724574,0.03797111,0.044643085,0.025857314,0.0053177997,0.0052485396,0.014211403,0.0023338269,0.0017790406,0.003388615,0.002780211,0.0024358283,0.009352341,0.0014823569,0.010021046,0.0022812341,0.0016430181,0.011199842,0.0045368145,0.20382495
25,26,0.009573049,0.8868036,0.0030732045,0.011365324,0.0062776534,0.001878067,0.0041997195,0.008962948,0.0021356205,0.0025745998,0.006231872,0.0017203009,0.0012869881,0.0019378419,0.0010316639,0.0017200474,0.00039262825,0.008903322,0.002677528,0.00046784172,0.0034056955,0.00052948913,0.0030589208,0.00066763704,0.0005495597,0.0020778265,0.0017959973,0.024700994
26,27,0.0028939836,0.0022270086,0.0040295715,0.017618638,0.019509885,0.0039927075,0.021277808,0.05606759,0.003131813,0.004798453,0.040074933,0.0012579503,0.0012510023,0.0024931713,0.00078997045,0.0010317222,0.0005004897,0.0015063339,0.0016524605,0.0005253703,0.0045721442,0.0003966696,0.009100512,0.000659291,0.00057237357,0.0023612631,0.0031343838,0.79257244
27,28,0.020977506,0.0030376809,0.0077851037,0.023432136,0.3286379,0.008912005,0.021979617,0.029062327,0.0036043143,0.012286182,0.07986404,0.0046284813,0.002235668,0.0052269283,0.002740645,0.0017813703,0.00086386927,0.0034538826,0.0035728563,0.0011801517,0.016507672,0.0012541253,0.020282246,0.0012565353,0.0011294719,0.0048827403,0.004732799,0.3846918
28,29,0.007236565,0.0050820312,0.00578897,0.015446649,0.031556897,0.019491863,0.008673408,0.044314686,0.0108018825,0.008259713,0.01329287,0.0015505841,0.00097572955,0.016430167,0.0023770237,0.001856663,0.0010370503,0.008496585,0.0033976536,0.0011821877,0.053793013,0.0007640103,0.016172014,0.002385854,0.0010439258,0.0039345496,0.007137886,0.7075196
29,30,0.013274752,0.5415653,0.010466259,0.03899282,0.024325712,0.0065649874,0.0143493265,0.037332892,0.0047666677,0.006579827,0.021857746,0.003187582,0.0025293943,0.0051958766,0.0014435763,0.00257626,0.0006953746,0.034801174,0.0035455665,0.0009253451,0.008740554,0.0009221934,0.00798839,0.0018113628,0.0010496508,0.0043693515,0.0031657876,0.19697626
30,31,0.0030393102,0.0019561006,0.011321885,0.057362128,0.025266655,0.011915224,0.018980693,0.038148526,0.0035502468,0.024704773,0.08725527,0.0038844338,0.0024985934,0.002178709,0.0020637293,0.0010144677,0.0010222087,0.0014227699,0.0014544852,0.0011999351,0.008062639,0.0006768609,0.014357993,0.0013014772,0.0010846778,0.008922072,0.0028791493,0.66247505
31,32,0.0028669331,0.0039075776,0.023035418,0.09189511,0.023110209,0.0074855387,0.02414106,0.050699253,0.005232895,0.014692862,0.14772625,0.0049878354,0.0037565888,0.0027034665,0.0015382012,0.0014242944,0.0010106099,0.002231098,0.0020964472,0.00092629355,0.0075575137,0.00063036184,0.010644983,0.0011111367,0.0010907516,0.004889853,0.004958156,0.55364925
32,33,0.0041219993,0.004819045,0.1030871,0.1552711,0.015486078,0.0072559533,0.012089117,0.035573084,0.004398766,0.025548922,0.11980039,0.017436473,0.0047751497,0.002894531,0.0031728765,0.0017053704,0.0011625356,0.0025488907,0.0028433478,0.0010122769,0.0074620894,0.0009829815,0.008846391,0.0012067046,0.001243725,0.006042336,0.0032166992,0.44599608
33,34,0.0029677672,0.002723528,0.005982586,0.03314623,0.022409216,0.0050494517,0.024795523,0.050003592,0.0034227676,0.009665046,0.04602882,0.0022318906,0.0023105454,0.0028560013,0.001791249,0.000733157,0.00063445215,0.001698111,0.001686815,0.00081816287,0.005631244,0.00049015204,0.01942832,0.00092089386,0.00073839515,0.0034759955,0.0070053902,0.74135476
34,35,0.0034618776,0.0021652298,0.006741407,0.038566694,0.04663766,0.011097336,0.025617711,0.030048085,0.005074918,0.020780759,0.096113496,0.003044474,0.0017408483,0.0025361716,0.0018204898,0.0011733274,0.00094704353,0.0016699987,0.0017028765,0.0012011436,0.012395006,0.0006937777,0.024893215,0.0013100567,0.0011370365,0.007844296,0.00458281,0.64500225
35,36,0.004784371,0.006227484,0.14748164,0.1844761,0.01639273,0.005581809,0.011374252,0.031107487,0.0048918626,0.02626928,0.13905616,0.018256472,0.00576791,0.0034489147,0.002457982,0.0016670722,0.001202568,0.003368423,0.0039420384,0.0009477924,0.008261552,0.0011170733,0.007973205,0.0012028043,0.0012840555,0.0058925496,0.0033587967,0.35220757
36,37,0.0026853192,0.0025508814,0.014409832,0.052081488,0.022970244,0.009675216,0.01445057,0.040863823,0.0040286668,0.011150037,0.076456465,0.0030423403,0.002083355,0.0022166134,0.00174372,0.001055788,0.0007348957,0.0017033454,0.0017843988,0.0009105842,0.006541183,0.0004743578,0.009484321,0.0010461946,0.0008546005,0.004722168,0.002776651,0.70750296
37,38,0.0031945878,0.0034056238,0.021418914,0.07202213,0.018692499,0.0064338814,0.015184008,0.04654482,0.004306666,0.012971917,0.12144318,0.0053623426,0.0032274963,0.0028569556,0.001797805,0.0013123809,0.0008887397,0.002105427,0.0023870403,0.0008378169,0.005015419,0.00056914147,0.009341769,0.0010148061,0.0009699254,0.00469306,0.0036695353,0.6283322
38,39,0.0036226802,0.0055948957,0.07685591,0.15959433,0.017123202,0.007208546,0.014078691,0.039907064,0.0044374964,0.022558559,0.11540462,0.01395727,0.0052096695,0.0029687057,0.0026622883,0.00163049,0.0010429439,0.0026184125,0.0023665482,0.00094780314,0.008109077,0.0008826416,0.009142666,0.0012169649,0.001223407,0.005850726,0.003743627,0.47004083
39,40,0.005055166,0.00346978,0.020896202,0.054335054,0.051381823,0.064668305,0.011246977,0.030408079,0.0067580724,0.023204478,0.053261664,0.0046195905,0.0026971607,0.0029453384,0.0074801054,0.001021776,0.0011438155,0.0023406334,0.00275631,0.0028153667,0.014151644,0.0008456324,0.015561581,0.0029836078,0.0016895665,0.007186176,0.0027448065,0.6023313
40,41,0.015657142,0.006076558,0.051196393,0.2779958,0.01588884,0.0074976645,0.008709736,0.027703693,0.0055266414,0.0614468,0.15451448,0.03508508,0.020018013,0.0025980426,0.0025415672,0.0019835979,0.0014217919,0.0031211763,0.0021153665,0.00078700815,0.008275472,0.0018226159,0.012228518,0.0014014586,0.002926378,0.013165257,0.0031219088,0.25517312
41,42,0.010804542,0.0018903455,0.0042392295,0.025243144,0.030141763,0.008531973,0.011095273,0.04375245,0.0032597827,0.012046569,0.06591457,0.0021214196,0.001500356,0.0028427,0.00072062534,0.0012499945,0.0005075179,0.002591613,0.002207169,0.0005668641,0.005425921,0.0006532492,0.0103792325,0.0009667563,0.00062021095,0.0047812928,0.0022595492,0.74368596
42,43,0.00347136,0.0035470023,0.031436756,0.09583237,0.019054592,0.006569265,0.013799028,0.038991615,0.0037759875,0.016671605,0.10962592,0.0068036653,0.003233103,0.0024876012,0.0015877017,0.0013820467,0.0008746095,0.002058473,0.0019202052,0.0007977111,0.00688122,0.00065601093,0.009630204,0.001002096,0.0009160188,0.0048105246,0.0031552552,0.60902804
43,44,0.005998067,0.0030386273,0.003332574,0.015927402,0.1392309,0.012257041,0.088239476,0.055303704,0.011761366,0.009436197,0.04350059,0.0018303576,0.0016501843,0.0042222785,0.0020573896,0.0030691773,0.0011875369,0.0026677886,0.003916968,0.001476718,0.043493457,0.00084407,0.022215005,0.0018338643,0.0014534999,0.0048583597,0.0046569807,0.5105404
44,45,0.0065126084,0.004862832,0.005339529,0.029583728,0.042712145,0.010273226,0.035961367,0.122247994,0.00465967,0.007709845,0.0387367,0.0015930819,0.0020612483,0.0074390047,0.0016895724,0.0013614856,0.00076689216,0.0024974118,0.0021832583,0.0012106862,0.01224141,0.00065863354,0.025624212,0.0014181439,0.00067181967,0.0024076863,0.012098516,0.6154772
45,46,0.0028758715,0.0033859834,0.04178586,0.09556154,0.019331811,0.00858806,0.0124312015,0.040263806,0.005745839,0.020761114,0.10953196,0.0065893866,0.0030291048,0.0027627107,0.002357461,0.0013266018,0.00091375003,0.0022362582,0.0023523518,0.0011278375,0.007725536,0.0006687749,0.009880766,0.0012213079,0.0010120437,0.006880571,0.003250108,0.5864023
46,47,0.0029172185,0.0043439064,0.025553634,0.10956504,0.025507903,0.0068627126,0.035337217,0.03650272,0.005828145,0.024380181,0.26935104,0.0066307127,0.00562635,0.0023428006,0.001721516,0.0011855753,0.0013002955,0.0025722266,0.0034147825,0.0010793051,0.0085609155,0.0009237506,0.017777156,0.0011584605,0.0018564089,0.0062582977,0.005570483,0.38587117
47,48,0.003707198,0.0033265178,0.033139978,0.11173158,0.018772822,0.007818649,0.0135941105,0.040076513,0.00496421,0.0192171,0.16406101,0.007846297,0.004248163,0.0023106493,0.0017947784,0.0013250461,0.0010148378,0.0019361752,0.0018214927,0.00087779335,0.0062127267,0.0007332541,0.009726115,0.0010971548,0.0012472925,0.0057988367,0.0028023347,0.5287974
48,49,0.0031319712,0.0052125477,0.035539757,0.14723931,0.019396987,0.006512923,0.025351804,0.057645265,0.0049936194,0.01995427,0.13634606,0.009288406,0.0064225434,0.0034239613,0.002383877,0.0016082395,0.0011072252,0.0024290467,0.0019101239,0.0010733192,0.0076711606,0.0007795279,0.012898414,0.0012756226,0.0011684574,0.004654618,0.007972616,0.47260833
49,50,0.0182276,0.0020872462,0.0053228764,0.023780143,0.079781316,0.0280408,0.015029463,0.040339656,0.0063772835,0.015585011,0.061664164,0.0024801816,0.0019181899,0.0041676126,0.002147083,0.0034477124,0.0010007599,0.002815882,0.0022192867,0.0010828377,0.023846097,0.0009202298,0.018190425,0.0018394351,0.0013130499,0.0059396015,0.002408473,0.62802756
50,51,0.004817733,0.008707291,0.06560736,0.2031886,0.017577492,0.009098454,0.016232269,0.03545047,0.0050691613,0.034360033,0.1039567,0.035544977,0.0076267445,0.0052070036,0.014162824,0.0017990806,0.0016749336,0.002891948,0.0020189418,0.0027335852,0.008002372,0.0012064785,0.0149361435,0.0016073711,0.002130599,0.010823519,0.0057833423,0.37778452
51,52,0.003985834,0.0043597985,0.026719928,0.12762073,0.021112058,0.008160707,0.015290973,0.044241115,0.0034408912,0.020368868,0.150208,0.007913582,0.0053381994,0.0028346127,0.0016977079,0.0013639783,0.0009923914,0.002638312,0.001792313,0.00087201706,0.0067251204,0.0007449572,0.011557639,0.0012717992,0.0013105528,0.0062847924,0.003966185,0.51718694
52,53,0.0046062563,0.005643146,0.3897135,0.20807776,0.009946862,0.005850281,0.006853069,0.020956587,0.0056757187,0.037156135,0.08056641,0.033662166,0.0053722663,0.0038486144,0.0054545905,0.0026731729,0.0016799598,0.00394932,0.004222394,0.0014171993,0.009203296,0.0014730315,0.0075437776,0.0015791503,0.0017419518,0.009422647,0.0032123674,0.12849838
53,54,0.004160787,0.0025744946,0.015924247,0.051871292,0.038024686,0.010356356,0.012450619,0.031750977,0.004398619,0.013974196,0.09670459,0.0033816805,0.0022233718,0.0024794175,0.0012264014,0.0012953251,0.00091280026,0.00203085,0.0022283038,0.0008429834,0.008919011,0.00065006065,0.010304144,0.0011635701,0.0008442332,0.004516629,0.0023308604,0.6724594
54,55,0.0182276,0.0020872462,0.0053228764,0.023780143,0.079781316,0.0280408,0.015029463,0.040339656,0.0063772835,0.015585011,0.061664164,0.0024801816,0.0019181899,0.0041676126,0.002147083,0.0034477124,0.0010007599,0.002815882,0.0022192867,0.0010828377,0.023846097,0.0009202298,0.018190425,0.0018394351,0.0013130499,0.0059396015,0.002408473,0.62802756
55,56,0.003334926,0.0034737806,0.027405193,0.09871762,0.017659089,0.0075528524,0.013716148,0.042422663,0.005429289,0.019203762,0.11931265,0.005595271,0.003616148,0.002785439,0.0013710568,0.0014529335,0.0010420686,0.0021335701,0.0016399294,0.0008436932,0.0070626885,0.0007321845,0.009574581,0.0012321454,0.0010440501,0.0064656967,0.003398724,0.59178185
56,57,0.0033463126,0.0027405408,0.012197114,0.05964261,0.025050804,0.008867124,0.019206552,0.045165464,0.004211125,0.011138091,0.110637136,0.0035405504,0.0024935838,0.0024293757,0.001475474,0.0010977238,0.00087740924,0.0017907532,0.0024739183,0.00084507355,0.005765737,0.0005368467,0.009065749,0.0010424239,0.00096995535,0.004706816,0.003126796,0.655559
57,58,0.003069978,0.003978119,0.032109212,0.1489682,0.01642,0.0108423745,0.016283192,0.03559454,0.00504377,0.105978005,0.08236656,0.03444445,0.009471021,0.0023274308,0.016489895,0.0015412931,0.0019849779,0.0024053133,0.0019790716,0.0032419083,0.0072330483,0.0013246373,0.021973232,0.002241947,0.003384343,0.037128262,0.004391701,0.38778347
58,59,0.0033847536,0.0027876857,0.018271873,0.07628457,0.029227516,0.012202625,0.02088764,0.044953313,0.0044089216,0.016804427,0.13548349,0.0048945057,0.003222615,0.002397208,0.0019603507,0.0014192216,0.0009484709,0.0018583233,0.0020460982,0.0010788995,0.009026647,0.00066230673,0.0140199745,0.0012176685,0.0011553115,0.0051982007,0.0036097616,0.5805877
59,60,0.022742461,0.003214503,0.0025574756,0.006939477,0.022063445,0.0029721395,0.008941637,0.024550019,0.018800441,0.0035644576,0.013196244,0.0018281534,0.0016983277,0.009648605,0.0016261552,0.004487968,0.0014062509,0.0079750875,0.76350373,0.0011284945,0.014484285,0.0012602335,0.005179686,0.0013043927,0.0018201197,0.0020062795,0.0058388007,0.045261063
60,61,0.0036952267,0.0039446303,0.057032447,0.12193488,0.02353171,0.008500132,0.015189584,0.039178587,0.005340784,0.021588087,0.15384586,0.007720539,0.003639591,0.0028936437,0.0019004145,0.001414563,0.0010127828,0.0024993322,0.00253366,0.00096666045,0.008600767,0.0008033186,0.009525383,0.001225756,0.0011090819,0.005404481,0.0032168082,0.49175128
61,62,0.037511263,0.0028709616,0.003841018,0.01410329,0.09885723,0.012838752,0.01629717,0.07335992,0.005830796,0.008498346,0.03902766,0.0017955544,0.0012628906,0.008338223,0.0011949871,0.0017359457,0.0006374462,0.0037332915,0.0034497732,0.0006511513,0.019974386,0.0007973471,0.016171891,0.0013830554,0.0006876033,0.0027176118,0.0042173285,0.61821514
62,63,0.005014672,0.0027996013,0.009650292,0.036388285,0.03427095,0.016094632,0.011924232,0.032382578,0.003267285,0.011517307,0.047369607,0.002281262,0.0013804756,0.0028073573,0.0016214696,0.0010761829,0.0006207624,0.0020094481,0.0014074661,0.0007994915,0.011457442,0.00049453304,0.011586819,0.0011981279,0.0007240325,0.003597081,0.0026063328,0.7436523
63,64,0.003260987,0.0030492675,0.0068148845,0.046034914,0.025855461,0.009292232,0.046988476,0.08183825,0.009440282,0.011621321,0.098076895,0.0025035117,0.002714714,0.0028035792,0.001321188,0.0019012258,0.0010378142,0.0020639251,0.0024945114,0.001028158,0.012838988,0.0005882981,0.013482696,0.0013677635,0.0013628891,0.0050888318,0.005293168,0.59983575
64,65,0.06824441,0.010246465,0.004003247,0.014709046,0.011045133,0.0036387118,0.012023342,0.048074886,0.003161607,0.010827694,0.0104731545,0.004202523,0.0064944765,0.035112817,0.0051586204,0.0055058803,0.0020939389,0.006532193,0.005082815,0.0015459054,0.004571705,0.002109734,0.027374806,0.0021185437,0.0013705456,0.0052819736,0.6513873,0.037608527
65,66,0.005526333,0.005844034,0.07252497,0.21408443,0.016497388,0.0066747414,0.010892561,0.03553406,0.004136452,0.026529647,0.13202298,0.018308632,0.0076578055,0.002883773,0.0019678841,0.0017739348,0.0010902837,0.0028286853,0.0022999493,0.0008016438,0.006840276,0.001091271,0.009788282,0.0012250163,0.0014582857,0.0059318505,0.0035643415,0.40022054
66,67,0.0025023732,0.0037413533,0.039998814,0.10227305,0.01660482,0.009014589,0.013054429,0.042962525,0.005259211,0.019801095,0.13336755,0.0070579383,0.00447053,0.002921542,0.0024263375,0.0014225752,0.0011865732,0.00238485,0.0020611314,0.0010909938,0.0064231795,0.000733384,0.009363295,0.0013978503,0.0012754455,0.0076301554,0.0035301773,0.5560442
67,68,0.0036973595,0.0045967163,0.059542235,0.12246726,0.037926283,0.008774704,0.015845886,0.03485906,0.0041922866,0.024144053,0.15679573,0.011690495,0.004672737,0.0033622421,0.0026683335,0.0016799526,0.0011640255,0.0028359236,0.002219844,0.0010394277,0.008477662,0.0009959164,0.010875777,0.0014844723,0.0012531736,0.006007883,0.0035780575,0.46315256
68,69,0.018598383,0.004145975,0.010437533,0.0124350395,0.020599818,0.0056120516,0.0043485826,0.036141485,0.0027393126,0.004651046,0.008368669,0.0015454623,0.0008605096,0.02975246,0.0016226749,0.001251001,0.00046560695,0.0059909625,0.0020746195,0.0007160854,0.00525713,0.0008024909,0.0066525056,0.0016622022,0.00036282864,0.0015461324,0.00475696,0.8066024
69,70,0.004985607,0.008370444,0.008543236,0.012985817,0.007049202,0.012242681,0.0038596082,0.006041693,0.043943446,0.01097797,0.007699571,0.003093264,0.0016968709,0.0024674498,0.005583804,0.008609798,0.001668765,0.003886103,0.0035527025,0.001418275,0.79126,0.00090650894,0.00606113,0.001665145,0.00233324,0.004306821,0.0032345888,0.03155616
70,71,0.0031355205,0.0027787401,0.033786513,0.12957083,0.017196309,0.009017791,0.014901457,0.036362715,0.008370998,0.029606437,0.17247717,0.007880361,0.004126772,0.0022443726,0.0019906762,0.0011240608,0.0012103777,0.0018401879,0.002336689,0.0010515788,0.008253141,0.00077334885,0.011723803,0.0012385971,0.0015687203,0.009944305,0.0032001897,0.4822884
71,72,0.0039312704,0.0024807667,0.009404841,0.037651047,0.05667591,0.00672766,0.0185553,0.032760255,0.0033808998,0.009433461,0.084635496,0.0031732998,0.0017354453,0.0027624746,0.0013032242,0.0012387338,0.00067077647,0.0016721464,0.0018551914,0.0006875976,0.007818347,0.00054110284,0.01129445,0.00090257503,0.00070856017,0.003260275,0.0032497458,0.691489
72,73,0.009634779,0.004904767,0.021391088,0.05106489,0.044579968,0.032430634,0.019166108,0.044982582,0.1163353,0.05004633,0.038171668,0.006339031,0.0039330204,0.02526575,0.007703197,0.005603816,0.0024277428,0.008946277,0.006654392,0.0050094267,0.051022075,0.0020094865,0.020216098,0.007175538,0.003913719,0.034978405,0.0070876544,0.3690063
73,74,0.006393309,0.0049273637,0.053682834,0.15198936,0.031807724,0.00615978,0.016550468,0.035872467,0.0036961338,0.020783648,0.15994343,0.015246984,0.006422799,0.0035434782,0.0023372164,0.0013653856,0.0009633826,0.002338204,0.0025291333,0.0008341,0.007415099,0.0010651202,0.013125383,0.0011293351,0.0012342721,0.0044068946,0.004616587,0.43962014
74,75,0.005255301,0.004009156,0.0415227,0.14064014,0.027715372,0.006664036,0.016897818,0.035429455,0.0052111004,0.022271693,0.2976208,0.013214093,0.008353397,0.0024850303,0.0015503427,0.0013432582,0.0012327963,0.0033090082,0.0048043686,0.0008853815,0.006672049,0.0010849717,0.009083756,0.0011396465,0.0015554586,0.005373781,0.0029499014,0.33172518
75,76,0.0029564537,0.0037627388,0.037878662,0.16184986,0.020593869,0.010749465,0.02172251,0.042323913,0.005182275,0.034357436,0.13921759,0.009591553,0.0055800155,0.002418566,0.0027032155,0.0016592056,0.0011844778,0.0020579193,0.0014589994,0.0013668013,0.009243788,0.0009163498,0.015061732,0.0014819512,0.0016976456,0.009047348,0.004291251,0.4496444
76,77,0.0023652702,0.0034129915,0.003779646,0.019705225,0.02405972,0.006985117,0.023928536,0.053896286,0.0054745493,0.007397274,0.03732731,0.0012935989,0.0011659445,0.0038228554,0.0012210391,0.000903831,0.0005942059,0.0021786648,0.0018661036,0.0007486241,0.010118128,0.000353392,0.0119913295,0.0010127163,0.0005925479,0.0031525027,0.0054310733,0.7652215
